"名前","配置数","再出現秒数","Lv","HP","BaseExp","JobExp","属性","種族","サイズ","種類","特性","95%FLEE","100%HIT","射程","Atk","Matk","Def","Mdef","Res","Mres","移動速度","感知範囲","追跡範囲","Str","Agi","Vit","Int","Dex","Luk"
"強靭なディオーサ","3","5","284","266,255,310","846,590,454","397,897,512","水1","魚貝","大","BOSS","受けるダメージを1/10に減少する ","1,354","848","1","118,240","125,160","1,177","393","256","256","150","10","12","159","364","179","241","925","16",
"強靭なゲレーロ","3","5","285","273,371,520","846,599,348","397,901,692","水1","魚貝","大","BOSS","受けるダメージを1/10に減少する ","1,350","880","1","62,230","120,660","1,206","222","251","251","150","10","12","243","395","193","156","920","13",
"強靭なハノン","3","5","282","272,952,360","846,598,824","397,901,446","水1","魚貝","大","BOSS","受けるダメージを1/10に減少する ","1,367","869","2","122,700","118,640","1,189","315","255","275","170","10","12","238","387","227","238","940","16",
"強靭なシレーナ","3","5","283","265,381,770","846,589,362","397,897,000","水1","魚貝","小","BOSS","受けるダメージを1/10に減少する ","1,346","814","7","117,320","126,260","1,198","274","255","275","150","10","12","166","331","154","166","918","11",
"強靭なタッシ","3","5","284","276,208,410","846,602,894","397,903,360","水1","魚貝","中","BOSS","受けるダメージを1/10に減少する ","1,359","914","1","125,420","116,880","1,205","193","250","250","120","10","12","205","430","134","172","930","18",
"ディオーサ","30","5","284","88,751,770","423,295,227","198,948,756","水1","魚貝","大","BOSS","受けるダメージを1/10に減少する ","1,354","848","1","59,120","62,580","1,177","393","256","256","150","10","12","159","364","179","241","925","16",
"ゲレーロ","70","5","285","91,123,840","423,299,674","198,950,846","水1","魚貝","大","BOSS","受けるダメージを1/10に減少する ","1,350","880","1","62,230","60,330","1,206","222","251","251","150","10","12","243","395","193","156","920","13",
"ハノン","200","5","282","90,984,120","423,299,412","198,950,723","水1","魚貝","大","BOSS","受けるダメージを1/10に減少する ","1,367","869","2","61,350","59,320","1,189","315","255","275","170","10","12","238","387","227","238","940","16",
"ペスカ","1","10800 ～ 140400","290","290,000,000","888,933,038","417,798,527","水1","魚貝","大","BOSS","受けるダメージを1/100に減少する ","880","843","1","225,000","225,000","1,312","660","500","500","150","10","12","419","353","332","280","445","24",
"シレーナ","5","5","283","88,460,590","423,294,681","198,948,500","水1","魚貝","小","BOSS","受けるダメージを1/10に減少する ","1,346","814","7","58,660","63,130","1,198","274","255","275","150","10","12","166","331","154","166","918","11",
"タッシ","100","5","284","92,069,470","423,301,447","198,951,680","水1","魚貝","中","BOSS","受けるダメージを1/10に減少する ","1,359","914","1","62,710","58,440","1,205","193","250","250","120","10","12","205","430","134","172","930","18",
